2020-10-21T13:11:34.452372+00:00,app[web.1]:,AB_TESTING:,A,1603285894434,0,0,elnhpuio
2020-10-21T13:11:35.790803+00:00,app[web.1]:,AB_TESTING:,A,1603285894434,1603285895772,mp4,elnhpuio
2020-10-21T13:11:35.964146+00:00,app[web.1]:,AB_TESTING:,A,1603285894434,1603285895943,mp4,elnhpuio
2020-10-21T13:11:36.130104+00:00,app[web.1]:,AB_TESTING:,A,1603285894434,1603285896109,mp4,elnhpuio
2020-10-21T13:11:36.308385+00:00,app[web.1]:,AB_TESTING:,A,1603285894434,1603285896293,mp4,elnhpuio
2020-10-21T13:11:36.571105+00:00,app[web.1]:,AB_TESTING:,A,1603285894434,1603285896555,mp4,elnhpuio
2020-10-21T13:11:37.635133+00:00,app[web.1]:,AB_TESTING:,C,1603285897615,0,0,elnhpuio
2020-10-21T13:15:27.718778+00:00,app[web.1]:,AB_TESTING:,B,1603286127478,0,0,ekmckhe
2020-10-21T13:15:33.450959+00:00,app[web.1]:,AB_TESTING:,B,1603286127478,1603286133299,mp4,ekmckhe
2020-10-21T13:15:33.897758+00:00,app[web.1]:,AB_TESTING:,B,1603286127478,1603286133747,mp4,ekmckhe
2020-10-21T13:15:36.007263+00:00,app[web.1]:,AB_TESTING:,B,1603286127478,1603286135845,mp4,ekmckhe
2020-10-21T13:15:36.459304+00:00,app[web.1]:,AB_TESTING:,B,1603286127478,1603286136301,mp4,ekmckhe
2020-10-21T13:15:37.835605+00:00,app[web.1]:,AB_TESTING:,B,1603286127478,1603286137679,mp4,ekmckhe
2020-10-21T13:15:38.125704+00:00,app[web.1]:,AB_TESTING:,B,1603286127478,1603286137964,mp4,ekmckhe
2020-10-21T13:15:41.873840+00:00,app[web.1]:,AB_TESTING:,C,1603286141681,0,0,ekmckhe
2020-10-21T13:17:35.824933+00:00,app[web.1]:,AB_TESTING:,B,1603286255549,0,0,qqkbu
2020-10-21T13:17:37.352466+00:00,app[web.1]:,AB_TESTING:,B,1603286255549,1603286257242,mp2,qqkbu
2020-10-21T13:17:37.551679+00:00,app[web.1]:,AB_TESTING:,B,1603286255549,1603286257442,mp2,qqkbu
2020-10-21T13:17:37.753185+00:00,app[web.1]:,AB_TESTING:,B,1603286255549,1603286257642,mp2,qqkbu
2020-10-21T13:17:37.954301+00:00,app[web.1]:,AB_TESTING:,B,1603286255549,1603286257843,mp2,qqkbu
2020-10-21T13:17:38.154354+00:00,app[web.1]:,AB_TESTING:,B,1603286255549,1603286258044,mp2,qqkbu
2020-10-21T13:17:38.565162+00:00,app[web.1]:,AB_TESTING:,B,1603286255549,1603286258454,mp3,qqkbu
2020-10-21T13:17:38.767330+00:00,app[web.1]:,AB_TESTING:,B,1603286255549,1603286258657,mp3,qqkbu
2020-10-21T13:17:38.971324+00:00,app[web.1]:,AB_TESTING:,B,1603286255549,1603286258860,mp3,qqkbu
2020-10-21T13:17:39.171169+00:00,app[web.1]:,AB_TESTING:,B,1603286255549,1603286259061,mp3,qqkbu
2020-10-21T13:17:39.372000+00:00,app[web.1]:,AB_TESTING:,B,1603286255549,1603286259262,mp3,qqkbu
2020-10-21T13:17:39.580460+00:00,app[web.1]:,AB_TESTING:,B,1603286255549,1603286259463,mp3,qqkbu
2020-10-21T13:17:39.784832+00:00,app[web.1]:,AB_TESTING:,B,1603286255549,1603286259668,mp3,qqkbu
2020-10-21T13:17:39.988098+00:00,app[web.1]:,AB_TESTING:,B,1603286255549,1603286259875,mp3,qqkbu
2020-10-21T13:17:40.188951+00:00,app[web.1]:,AB_TESTING:,B,1603286255549,1603286260078,mp3,qqkbu
2020-10-21T13:17:40.391197+00:00,app[web.1]:,AB_TESTING:,B,1603286255549,1603286260280,mp3,qqkbu
2020-10-21T13:17:40.593283+00:00,app[web.1]:,AB_TESTING:,B,1603286255549,1603286260482,mp3,qqkbu
2020-10-21T13:17:40.793417+00:00,app[web.1]:,AB_TESTING:,B,1603286255549,1603286260684,mp3,qqkbu
2020-10-21T13:17:41.651460+00:00,app[web.1]:,AB_TESTING:,C,1603286261538,0,0,qqkbu
2020-10-21T13:19:02.934560+00:00,app[web.1]:,AB_TESTING:,B,1603286342821,0,0,qqwjxavdf
2020-10-21T13:19:06.719980+00:00,app[web.1]:,AB_TESTING:,B,1603286342821,1603286346614,mp4,qqwjxavdf
2020-10-21T13:19:06.944512+00:00,app[web.1]:,AB_TESTING:,B,1603286342821,1603286346836,mp4,qqwjxavdf
2020-10-21T13:19:07.170762+00:00,app[web.1]:,AB_TESTING:,B,1603286342821,1603286347058,mp4,qqwjxavdf
2020-10-21T13:19:07.391841+00:00,app[web.1]:,AB_TESTING:,B,1603286342821,1603286347284,mp4,qqwjxavdf
2020-10-21T13:19:07.614702+00:00,app[web.1]:,AB_TESTING:,B,1603286342821,1603286347507,mp4,qqwjxavdf
2020-10-21T13:19:10.136447+00:00,app[web.1]:,AB_TESTING:,C,1603286350026,0,0,qqwjxavdf
2020-10-21T13:21:10.653111+00:00,app[web.1]:,AB_TESTING:,B,1603286470375,0,0,nedisugk
2020-10-21T13:21:12.990170+00:00,app[web.1]:,AB_TESTING:,B,1603286470375,1603286472880,mp1,nedisugk
2020-10-21T13:21:13.461470+00:00,app[web.1]:,AB_TESTING:,B,1603286470375,1603286473350,mp1,nedisugk
2020-10-21T13:21:15.571169+00:00,app[web.1]:,AB_TESTING:,B,1603286470375,1603286475461,mp4,nedisugk
2020-10-21T13:21:15.828369+00:00,app[web.1]:,AB_TESTING:,B,1603286470375,1603286475717,mp4,nedisugk
2020-10-21T13:21:16.072788+00:00,app[web.1]:,AB_TESTING:,B,1603286470375,1603286475956,mp4,nedisugk
2020-10-21T13:21:16.973634+00:00,app[web.1]:,AB_TESTING:,B,1603286470375,1603286476858,mp3,nedisugk
2020-10-21T13:21:17.221777+00:00,app[web.1]:,AB_TESTING:,B,1603286470375,1603286477112,mp3,nedisugk
2020-10-21T13:21:17.907590+00:00,app[web.1]:,AB_TESTING:,B,1603286470375,1603286477336,mp3,nedisugk
2020-10-21T13:21:19.095391+00:00,app[web.1]:,AB_TESTING:,C,1603286478980,0,0,nedisugk
2020-10-21T13:21:42.973722+00:00,app[web.1]:,AB_TESTING:,B,1603286502688,0,0,ttqadi
2020-10-21T13:21:44.279358+00:00,app[web.1]:,AB_TESTING:,B,1603286502688,1603286504172,mp1,ttqadi
2020-10-21T13:21:44.499293+00:00,app[web.1]:,AB_TESTING:,B,1603286502688,1603286504392,mp1,ttqadi
2020-10-21T13:21:44.722662+00:00,app[web.1]:,AB_TESTING:,B,1603286502688,1603286504614,mp1,ttqadi
2020-10-21T13:21:45.871958+00:00,app[web.1]:,AB_TESTING:,B,1603286502688,1603286505755,mp2,ttqadi
2020-10-21T13:21:46.102492+00:00,app[web.1]:,AB_TESTING:,B,1603286502688,1603286505987,mp2,ttqadi
2020-10-21T13:21:47.417409+00:00,app[web.1]:,AB_TESTING:,B,1603286502688,1603286507305,mp3,ttqadi
2020-10-21T13:21:47.639871+00:00,app[web.1]:,AB_TESTING:,B,1603286502688,1603286507532,mp3,ttqadi
2020-10-21T13:21:47.863404+00:00,app[web.1]:,AB_TESTING:,B,1603286502688,1603286507754,mp3,ttqadi
2020-10-21T13:21:49.956951+00:00,app[web.1]:,AB_TESTING:,C,1603286509833,0,0,ttqadi
2020-10-21T13:21:51.776233+00:00,app[web.1]:,AB_TESTING:,B,1603286511667,0,0,ttqadi
2020-10-21T13:21:52.975401+00:00,app[web.1]:,AB_TESTING:,B,1603286511667,1603286512867,mp3,ttqadi
2020-10-21T13:21:54.623395+00:00,app[web.1]:,AB_TESTING:,C,1603286514490,0,0,ttqadi
2020-10-21T13:21:58.027139+00:00,app[web.1]:,AB_TESTING:,B,1603286517841,0,0,ttqadi
2020-10-21T13:27:37.466029+00:00,app[web.1]:,AB_TESTING:,A,1603286830069,0,0,uinzba
2020-10-21T13:27:57.608451+00:00,app[web.1]:,AB_TESTING:,B,1603286877048,0,0,tsxnt
2020-10-21T13:28:13.299880+00:00,app[web.1]:,AB_TESTING:,A,1603286830069,1603286867240,mp4,uinzba
2020-10-21T13:28:14.723437+00:00,app[web.1]:,AB_TESTING:,A,1603286830069,1603286868668,mp4,uinzba
2020-10-21T13:28:15.245515+00:00,app[web.1]:,AB_TESTING:,A,1603286830069,1603286869189,mp4,uinzba
2020-10-21T13:28:16.973418+00:00,app[web.1]:,AB_TESTING:,B,1603286877048,1603286896838,mp2,tsxnt
2020-10-21T13:28:17.089643+00:00,app[web.1]:,AB_TESTING:,A,1603286830069,1603286871037,mp2,uinzba
2020-10-21T13:28:17.233708+00:00,app[web.1]:,AB_TESTING:,B,1603286877048,1603286897085,mp2,tsxnt
2020-10-21T13:28:17.484217+00:00,app[web.1]:,AB_TESTING:,B,1603286877048,1603286897351,mp2,tsxnt
2020-10-21T13:28:17.725639+00:00,app[web.1]:,AB_TESTING:,A,1603286830069,1603286871672,mp1,uinzba
2020-10-21T13:28:18.624675+00:00,app[web.1]:,AB_TESTING:,B,1603286877048,1603286898494,mp4,tsxnt
2020-10-21T13:28:18.646153+00:00,app[web.1]:,AB_TESTING:,A,1603286830069,1603286872596,mp3,uinzba
2020-10-21T13:28:18.860321+00:00,app[web.1]:,AB_TESTING:,B,1603286877048,1603286898734,mp4,tsxnt
2020-10-21T13:28:19.105073+00:00,app[web.1]:,AB_TESTING:,B,1603286877048,1603286898974,mp4,tsxnt
2020-10-21T13:28:20.642830+00:00,app[web.1]:,AB_TESTING:,C,1603286874586,0,0,uinzba
2020-10-21T13:28:23.269103+00:00,app[web.1]:,AB_TESTING:,C,1603286903041,0,0,tsxnt
2020-10-21T21:35:47.472601+00:00,app[web.1]:,AB_TESTING:,B,1603316147375,0,0,qsvbcci
2020-10-21T21:35:49.700412+00:00,app[web.1]:,AB_TESTING:,B,1603316135439,0,0,lntulz
2020-10-21T21:35:50.028573+00:00,app[web.1]:,AB_TESTING:,B,1603316147375,1603316149956,mp1,qsvbcci
2020-10-21T21:35:50.180762+00:00,app[web.1]:,AB_TESTING:,B,1603316147375,1603316150109,mp1,qsvbcci
2020-10-21T21:35:50.320414+00:00,app[web.1]:,AB_TESTING:,B,1603316147375,1603316150254,mp1,qsvbcci
2020-10-21T21:35:50.480779+00:00,app[web.1]:,AB_TESTING:,B,1603316147375,1603316150409,mp1,qsvbcci
2020-10-21T21:35:50.632466+00:00,app[web.1]:,AB_TESTING:,B,1603316147375,1603316150560,mp1,qsvbcci
2020-10-21T21:35:51.364097+00:00,app[web.1]:,AB_TESTING:,B,1603316147375,1603316151296,mp2,qsvbcci
2020-10-21T21:35:51.524938+00:00,app[web.1]:,AB_TESTING:,B,1603316147375,1603316151457,mp2,qsvbcci
2020-10-21T21:35:51.700300+00:00,app[web.1]:,AB_TESTING:,B,1603316147375,1603316151636,mp2,qsvbcci
2020-10-21T21:35:52.189384+00:00,app[web.1]:,AB_TESTING:,B,1603316147375,1603316152113,mp3,qsvbcci
2020-10-21T21:35:52.313971+00:00,app[web.1]:,AB_TESTING:,B,1603316147375,1603316152250,mp3,qsvbcci
2020-10-21T21:35:53.366546+00:00,app[web.1]:,AB_TESTING:,B,1603316147375,1603316153188,mp4,qsvbcci
2020-10-21T21:35:53.488887+00:00,app[web.1]:,AB_TESTING:,B,1603316147375,1603316153421,mp4,qsvbcci
2020-10-21T21:35:53.607901+00:00,app[web.1]:,AB_TESTING:,B,1603316147375,1603316153533,mp4,qsvbcci
2020-10-21T21:35:53.719736+00:00,app[web.1]:,AB_TESTING:,B,1603316147375,1603316153651,mp4,qsvbcci
2020-10-21T21:35:53.840490+00:00,app[web.1]:,AB_TESTING:,B,1603316147375,1603316153768,mp4,qsvbcci
2020-10-21T21:35:53.970070+00:00,app[web.1]:,AB_TESTING:,B,1603316147375,1603316153907,mp4,qsvbcci
2020-10-21T21:35:54.116740+00:00,app[web.1]:,AB_TESTING:,B,1603316147375,1603316154045,mp4,qsvbcci
2020-10-21T21:35:54.300429+00:00,app[web.1]:,AB_TESTING:,B,1603316154173,0,0,wjhfgiy
2020-10-21T21:35:55.502163+00:00,app[web.1]:,AB_TESTING:,C,1603316155438,0,0,qsvbcci
2020-10-21T21:35:57.079691+00:00,app[web.1]:,AB_TESTING:,B,1603316154173,1603316157019,mp4,wjhfgiy
2020-10-21T21:35:57.908509+00:00,app[web.1]:,AB_TESTING:,B,1603316154173,1603316157836,mp4,wjhfgiy
2020-10-21T21:35:58.356756+00:00,app[web.1]:,AB_TESTING:,B,1603316154173,1603316158296,mp4,wjhfgiy
2020-10-21T21:35:58.788460+00:00,app[web.1]:,AB_TESTING:,B,1603316154173,1603316158728,mp4,wjhfgiy
2020-10-21T21:35:59.156501+00:00,app[web.1]:,AB_TESTING:,B,1603316154173,1603316159093,mp4,wjhfgiy
2020-10-21T21:36:01.745223+00:00,app[web.1]:,AB_TESTING:,B,1603316154173,1603316161678,mp1,wjhfgiy
2020-10-21T21:36:02.897936+00:00,app[web.1]:,AB_TESTING:,B,1603316154173,1603316162839,mp3,wjhfgiy
2020-10-21T21:36:04.999181+00:00,app[web.1]:,AB_TESTING:,C,1603316164931,0,0,wjhfgiy
2020-10-21T21:36:56.557217+00:00,app[web.1]:,AB_TESTING:,A,1603316216523,0,0,ivdaoix
2020-10-21T21:36:59.920804+00:00,app[web.1]:,AB_TESTING:,A,1603316216523,1603316219887,mp3,ivdaoix
2020-10-21T21:37:00.817059+00:00,app[web.1]:,AB_TESTING:,A,1603316216523,1603316220787,mp2,ivdaoix
2020-10-21T21:37:01.696602+00:00,app[web.1]:,AB_TESTING:,A,1603316216523,1603316221662,mp1,ivdaoix
2020-10-21T21:37:01.933936+00:00,app[web.1]:,AB_TESTING:,A,1603316216523,1603316221907,mp1,ivdaoix
2020-10-21T21:37:03.956808+00:00,app[web.1]:,AB_TESTING:,A,1603316216523,1603316223919,mp1,ivdaoix
2020-10-21T21:37:04.196927+00:00,app[web.1]:,AB_TESTING:,A,1603316216523,1603316224163,mp1,ivdaoix
2020-10-21T21:37:05.095215+00:00,app[web.1]:,AB_TESTING:,A,1603316216523,1603316225062,mp4,ivdaoix
2020-10-21T21:37:06.140515+00:00,app[web.1]:,AB_TESTING:,A,1603316216523,1603316226108,mp4,ivdaoix
2020-10-21T21:37:07.542869+00:00,app[web.1]:,AB_TESTING:,A,1603316216523,1603316227513,mp2,ivdaoix
2020-10-21T21:37:07.706515+00:00,app[web.1]:,AB_TESTING:,A,1603316227455,0,0,uqzgewbtmf
2020-10-21T21:37:08.121259+00:00,app[web.1]:,AB_TESTING:,A,1603316216523,1603316228087,mp2,ivdaoix
2020-10-21T21:37:09.873788+00:00,app[web.1]:,AB_TESTING:,A,1603316227455,1603316229814,mp2,uqzgewbtmf
2020-10-21T21:37:10.017401+00:00,app[web.1]:,AB_TESTING:,A,1603316227455,1603316229960,mp2,uqzgewbtmf
2020-10-21T21:37:10.160960+00:00,app[web.1]:,AB_TESTING:,A,1603316227455,1603316230102,mp2,uqzgewbtmf
2020-10-21T21:37:10.281986+00:00,app[web.1]:,AB_TESTING:,C,1603316230252,0,0,ivdaoix
2020-10-21T21:37:10.309902+00:00,app[web.1]:,AB_TESTING:,A,1603316227455,1603316230250,mp2,uqzgewbtmf
2020-10-21T21:37:10.473748+00:00,app[web.1]:,AB_TESTING:,A,1603316227455,1603316230408,mp2,uqzgewbtmf
2020-10-21T21:37:10.780907+00:00,app[web.1]:,AB_TESTING:,A,1603316227455,1603316230558,mp2,uqzgewbtmf
2020-10-21T21:37:11.011169+00:00,app[web.1]:,AB_TESTING:,A,1603316227455,1603316230831,mp2,uqzgewbtmf
2020-10-21T21:37:11.178847+00:00,app[web.1]:,AB_TESTING:,A,1603316227455,1603316231061,mp2,uqzgewbtmf
2020-10-21T21:37:11.287113+00:00,app[web.1]:,AB_TESTING:,A,1603316227455,1603316231230,mp2,uqzgewbtmf
2020-10-21T21:37:11.390480+00:00,app[web.1]:,AB_TESTING:,A,1603316227455,1603316231335,mp2,uqzgewbtmf
2020-10-21T21:37:11.497042+00:00,app[web.1]:,AB_TESTING:,A,1603316227455,1603316231440,mp2,uqzgewbtmf
2020-10-21T21:37:12.392345+00:00,app[web.1]:,AB_TESTING:,A,1603316232362,0,0,ivdaoix
2020-10-21T21:37:12.840910+00:00,app[web.1]:,AB_TESTING:,C,1603316232778,0,0,uqzgewbtmf
2020-10-21T21:37:14.073566+00:00,app[web.1]:,AB_TESTING:,A,1603316234010,0,0,uqzgewbtmf
2020-10-21T21:37:26.997284+00:00,app[web.1]:,AB_TESTING:,A,1603316246986,0,0,skmfnaeb
2020-10-21T21:37:28.840591+00:00,app[web.1]:,AB_TESTING:,A,1603316246986,1603316248824,mp2,skmfnaeb
2020-10-21T21:37:29.858227+00:00,app[web.1]:,AB_TESTING:,A,1603316246986,1603316249836,mp3,skmfnaeb
2020-10-21T21:37:30.128347+00:00,app[web.1]:,AB_TESTING:,A,1603316246986,1603316250105,mp3,skmfnaeb
2020-10-21T21:37:30.390668+00:00,app[web.1]:,AB_TESTING:,A,1603316246986,1603316250354,mp3,skmfnaeb
2020-10-21T21:37:30.619286+00:00,app[web.1]:,AB_TESTING:,A,1603316246986,1603316250600,mp3,skmfnaeb
2020-10-21T21:37:31.962546+00:00,app[web.1]:,AB_TESTING:,A,1603316246986,1603316251862,mp1,skmfnaeb
2020-10-21T21:37:33.000869+00:00,app[web.1]:,AB_TESTING:,A,1603316246986,1603316252805,mp4,skmfnaeb
2020-10-21T21:37:33.084033+00:00,app[web.1]:,AB_TESTING:,A,1603316246986,1603316253053,mp4,skmfnaeb
2020-10-21T21:37:33.232363+00:00,app[web.1]:,AB_TESTING:,A,1603316246986,1603316253221,mp4,skmfnaeb
2020-10-21T21:37:33.422415+00:00,app[web.1]:,AB_TESTING:,A,1603316246986,1603316253356,mp4,skmfnaeb
2020-10-21T21:37:33.512771+00:00,app[web.1]:,AB_TESTING:,A,1603316246986,1603316253491,mp4,skmfnaeb
2020-10-21T21:37:33.636973+00:00,app[web.1]:,AB_TESTING:,A,1603316246986,1603316253626,mp4,skmfnaeb
2020-10-21T21:37:34.049763+00:00,app[web.1]:,AB_TESTING:,A,1603316246986,1603316253820,mp4,skmfnaeb
2020-10-21T21:37:35.139149+00:00,app[web.1]:,AB_TESTING:,C,1603316255132,0,0,skmfnaeb
2020-10-21T21:37:38.886667+00:00,app[web.1]:,AB_TESTING:,A,1603316258872,0,0,skmfnaeb
2020-10-21T21:37:40.096019+00:00,app[web.1]:,AB_TESTING:,A,1603316260084,0,0,skmfnaeb
2020-10-21T21:38:22.860774+00:00,app[web.1]:,AB_TESTING:,B,1603316303060,0,0,sxyzlwdje
2020-10-21T21:38:41.036753+00:00,app[web.1]:,AB_TESTING:,B,1603316321010,0,0,tyofowwod
2020-10-21T21:38:43.601563+00:00,app[web.1]:,AB_TESTING:,B,1603316321010,1603316323574,mp1,tyofowwod
2020-10-21T21:38:44.077708+00:00,app[web.1]:,AB_TESTING:,A,1603316324032,0,0,yivzuscd
2020-10-21T21:38:44.098590+00:00,app[web.1]:,AB_TESTING:,B,1603316321010,1603316324047,mp1,tyofowwod
2020-10-21T21:38:44.942217+00:00,app[web.1]:,AB_TESTING:,B,1603316321010,1603316324915,mp2,tyofowwod
2020-10-21T21:38:45.152802+00:00,app[web.1]:,AB_TESTING:,B,1603316321010,1603316325113,mp2,tyofowwod
2020-10-21T21:38:45.191725+00:00,app[web.1]:,AB_TESTING:,A,1603316324032,1603316325138,mp1,yivzuscd
2020-10-21T21:38:45.336839+00:00,app[web.1]:,AB_TESTING:,A,1603316324032,1603316325301,mp1,yivzuscd
2020-10-21T21:38:45.608553+00:00,app[web.1]:,AB_TESTING:,A,1603316324032,1603316325559,mp1,yivzuscd
2020-10-21T21:38:45.868784+00:00,app[web.1]:,AB_TESTING:,A,1603316324032,1603316325834,mp1,yivzuscd
2020-10-21T21:38:46.108422+00:00,app[web.1]:,AB_TESTING:,A,1603316324032,1603316326076,mp1,yivzuscd
2020-10-21T21:38:46.221674+00:00,app[web.1]:,AB_TESTING:,A,1603316324032,1603316326189,mp1,yivzuscd
2020-10-21T21:38:46.350864+00:00,app[web.1]:,AB_TESTING:,A,1603316324032,1603316326319,mp1,yivzuscd
2020-10-21T21:38:46.432716+00:00,app[web.1]:,AB_TESTING:,C,1603316326401,0,0,tyofowwod
2020-10-21T21:38:46.476851+00:00,app[web.1]:,AB_TESTING:,A,1603316324032,1603316326440,mp1,yivzuscd
2020-10-21T21:38:46.620394+00:00,app[web.1]:,AB_TESTING:,A,1603316324032,1603316326586,mp1,yivzuscd
2020-10-21T21:38:46.788560+00:00,app[web.1]:,AB_TESTING:,A,1603316324032,1603316326748,mp1,yivzuscd
2020-10-21T21:38:47.439575+00:00,app[web.1]:,AB_TESTING:,A,1603316324032,1603316327396,mp2,yivzuscd
2020-10-21T21:38:47.616430+00:00,app[web.1]:,AB_TESTING:,A,1603316324032,1603316327557,mp2,yivzuscd
2020-10-21T21:38:47.741371+00:00,app[web.1]:,AB_TESTING:,A,1603316324032,1603316327704,mp2,yivzuscd
2020-10-21T21:38:47.872830+00:00,app[web.1]:,AB_TESTING:,A,1603316324032,1603316327839,mp2,yivzuscd
2020-10-21T21:38:48.011090+00:00,app[web.1]:,AB_TESTING:,A,1603316324032,1603316327978,mp2,yivzuscd
2020-10-21T21:38:48.144528+00:00,app[web.1]:,AB_TESTING:,A,1603316324032,1603316328107,mp2,yivzuscd
2020-10-21T21:38:48.272203+00:00,app[web.1]:,AB_TESTING:,A,1603316324032,1603316328236,mp2,yivzuscd
2020-10-21T21:38:48.417279+00:00,app[web.1]:,AB_TESTING:,A,1603316324032,1603316328382,mp2,yivzuscd
2020-10-21T21:38:48.556784+00:00,app[web.1]:,AB_TESTING:,A,1603316324032,1603316328519,mp2,yivzuscd
2020-10-21T21:38:48.825369+00:00,app[web.1]:,AB_TESTING:,B,1603316328799,0,0,tyofowwod
2020-10-21T21:38:49.311324+00:00,app[web.1]:,AB_TESTING:,A,1603316324032,1603316329278,mp3,yivzuscd
2020-10-21T21:38:49.453390+00:00,app[web.1]:,AB_TESTING:,A,1603316324032,1603316329424,mp3,yivzuscd
2020-10-21T21:38:49.596824+00:00,app[web.1]:,AB_TESTING:,A,1603316324032,1603316329564,mp3,yivzuscd
2020-10-21T21:38:49.730148+00:00,app[web.1]:,AB_TESTING:,A,1603316324032,1603316329692,mp3,yivzuscd
2020-10-21T21:38:49.855748+00:00,app[web.1]:,AB_TESTING:,A,1603316324032,1603316329823,mp3,yivzuscd
2020-10-21T21:38:49.993948+00:00,app[web.1]:,AB_TESTING:,A,1603316324032,1603316329959,mp3,yivzuscd
2020-10-21T21:38:50.128760+00:00,app[web.1]:,AB_TESTING:,A,1603316324032,1603316330088,mp3,yivzuscd
2020-10-21T21:38:50.359945+00:00,app[web.1]:,AB_TESTING:,B,1603316328799,1603316330322,mp3,tyofowwod
2020-10-21T21:38:50.735399+00:00,app[web.1]:,AB_TESTING:,B,1603316328799,1603316330707,mp3,tyofowwod
2020-10-21T21:38:50.928474+00:00,app[web.1]:,AB_TESTING:,A,1603316324032,1603316330889,mp4,yivzuscd
2020-10-21T21:38:51.088779+00:00,app[web.1]:,AB_TESTING:,A,1603316324032,1603316331051,mp4,yivzuscd
2020-10-21T21:38:51.219802+00:00,app[web.1]:,AB_TESTING:,A,1603316324032,1603316331182,mp4,yivzuscd
2020-10-21T21:38:51.368466+00:00,app[web.1]:,AB_TESTING:,A,1603316324032,1603316331326,mp4,yivzuscd
2020-10-21T21:38:51.653656+00:00,app[web.1]:,AB_TESTING:,A,1603316324032,1603316331594,mp4,yivzuscd
2020-10-21T21:38:51.811528+00:00,app[web.1]:,AB_TESTING:,A,1603316324032,1603316331763,mp4,yivzuscd
2020-10-21T21:38:51.992541+00:00,app[web.1]:,AB_TESTING:,A,1603316324032,1603316331949,mp4,yivzuscd
2020-10-21T21:38:52.156288+00:00,app[web.1]:,AB_TESTING:,C,1603316332127,0,0,tyofowwod
2020-10-21T21:38:53.113071+00:00,app[web.1]:,AB_TESTING:,C,1603316333073,0,0,yivzuscd
2020-10-21T21:38:54.459277+00:00,app[web.1]:,AB_TESTING:,B,1603316334429,0,0,tyofowwod
2020-10-21T21:38:55.181858+00:00,app[web.1]:,AB_TESTING:,A,1603316335502,0,0,kecaxj
2020-10-21T21:38:55.838381+00:00,app[web.1]:,AB_TESTING:,A,1603316335502,1603316336172,mp1,kecaxj
2020-10-21T21:38:55.966095+00:00,app[web.1]:,AB_TESTING:,A,1603316335502,1603316336302,mp1,kecaxj
2020-10-21T21:38:56.060944+00:00,app[web.1]:,AB_TESTING:,A,1603316335502,1603316336395,mp1,kecaxj
2020-10-21T21:38:56.392367+00:00,app[web.1]:,AB_TESTING:,A,1603316335502,1603316336724,mp2,kecaxj
2020-10-21T21:38:56.533623+00:00,app[web.1]:,AB_TESTING:,A,1603316335502,1603316336869,mp2,kecaxj
2020-10-21T21:38:56.672868+00:00,app[web.1]:,AB_TESTING:,B,1603316334429,1603316336646,mp4,tyofowwod
2020-10-21T21:38:56.689285+00:00,app[web.1]:,AB_TESTING:,A,1603316335502,1603316337014,mp2,kecaxj
2020-10-21T21:38:56.978250+00:00,app[web.1]:,AB_TESTING:,A,1603316335502,1603316337306,mp4,kecaxj
2020-10-21T21:38:57.111080+00:00,app[web.1]:,AB_TESTING:,B,1603316337033,0,0,zljsbrm
2020-10-21T21:38:57.162116+00:00,app[web.1]:,AB_TESTING:,A,1603316335502,1603316337493,mp4,kecaxj
2020-10-21T21:38:57.294759+00:00,app[web.1]:,AB_TESTING:,A,1603316335502,1603316337629,mp4,kecaxj
2020-10-21T21:38:57.412986+00:00,app[web.1]:,AB_TESTING:,A,1603316335502,1603316337746,mp4,kecaxj
2020-10-21T21:38:57.429147+00:00,app[web.1]:,AB_TESTING:,B,1603316334429,1603316337401,mp2,tyofowwod
2020-10-21T21:38:57.748013+00:00,app[web.1]:,AB_TESTING:,A,1603316335502,1603316338076,mp3,kecaxj
2020-10-21T21:38:58.439232+00:00,app[web.1]:,AB_TESTING:,A,1603316335502,1603316338739,mp3,kecaxj
2020-10-21T21:38:58.477104+00:00,app[web.1]:,AB_TESTING:,A,1603316335502,1603316338812,mp3,kecaxj
2020-10-21T21:38:58.510280+00:00,app[web.1]:,AB_TESTING:,C,1603316338486,0,0,tyofowwod
2020-10-21T21:38:58.514184+00:00,app[web.1]:,AB_TESTING:,A,1603316335502,1603316338849,mp3,kecaxj
2020-10-21T21:38:58.553504+00:00,app[web.1]:,AB_TESTING:,A,1603316335502,1603316338885,mp3,kecaxj
2020-10-21T21:38:59.464523+00:00,app[web.1]:,AB_TESTING:,C,1603316339794,0,0,kecaxj
2020-10-21T21:39:01.818747+00:00,app[web.1]:,AB_TESTING:,A,1603316342148,0,0,kecaxj
2020-10-21T21:39:01.988977+00:00,app[web.1]:,AB_TESTING:,B,1603316337033,1603316341894,mp4,zljsbrm
2020-10-21T21:39:02.555836+00:00,app[web.1]:,AB_TESTING:,B,1603316337033,1603316342472,mp4,zljsbrm
2020-10-21T21:39:02.755283+00:00,app[web.1]:,AB_TESTING:,B,1603316337033,1603316342671,mp4,zljsbrm
2020-10-21T21:39:02.940784+00:00,app[web.1]:,AB_TESTING:,B,1603316337033,1603316342850,mp4,zljsbrm
2020-10-21T21:39:03.324283+00:00,app[web.1]:,AB_TESTING:,B,1603316337033,1603316343219,mp4,zljsbrm
2020-10-21T21:39:03.664734+00:00,app[web.1]:,AB_TESTING:,B,1603316337033,1603316343588,mp4,zljsbrm
2020-10-21T21:39:04.075754+00:00,app[web.1]:,AB_TESTING:,B,1603316337033,1603316343989,mp4,zljsbrm
2020-10-21T21:39:06.806051+00:00,app[web.1]:,AB_TESTING:,C,1603316346711,0,0,zljsbrm
2020-10-21T21:41:42.394769+00:00,app[web.1]:,AB_TESTING:,B,1603316502150,0,0,zqwmwc
2020-10-21T21:41:43.175030+00:00,app[web.1]:,AB_TESTING:,B,1603316502150,1603316502932,mp1,zqwmwc
2020-10-21T21:41:43.509145+00:00,app[web.1]:,AB_TESTING:,B,1603316502150,1603316503267,mp2,zqwmwc
2020-10-21T21:41:43.720951+00:00,app[web.1]:,AB_TESTING:,B,1603316502150,1603316503480,mp2,zqwmwc
2020-10-21T21:41:43.883179+00:00,app[web.1]:,AB_TESTING:,B,1603316502150,1603316503643,mp2,zqwmwc
2020-10-21T21:41:44.196549+00:00,app[web.1]:,AB_TESTING:,B,1603316502150,1603316503948,mp3,zqwmwc
2020-10-21T21:41:44.357119+00:00,app[web.1]:,AB_TESTING:,B,1603316502150,1603316504115,mp3,zqwmwc
2020-10-21T21:41:44.504354+00:00,app[web.1]:,AB_TESTING:,B,1603316502150,1603316504260,mp3,zqwmwc
2020-10-21T21:41:44.838849+00:00,app[web.1]:,AB_TESTING:,B,1603316502150,1603316504598,mp3,zqwmwc
2020-10-21T21:41:45.850849+00:00,app[web.1]:,AB_TESTING:,C,1603316505604,0,0,zqwmwc
2020-10-21T21:41:46.492554+00:00,app[web.1]:,AB_TESTING:,B,1603316506248,0,0,zqwmwc
2020-10-21T21:41:52.060808+00:00,app[web.1]:,AB_TESTING:,A,1603316511991,0,0,jswzkk
2020-10-21T21:42:14.388493+00:00,app[web.1]:,AB_TESTING:,B,1603316534366,0,0,iwhepbx
2020-10-21T21:42:19.688197+00:00,app[web.1]:,AB_TESTING:,B,1603316534366,1603316539672,mp3,iwhepbx
2020-10-21T21:42:20.033789+00:00,app[web.1]:,AB_TESTING:,B,1603316534366,1603316540018,mp3,iwhepbx
2020-10-21T21:42:20.508820+00:00,app[web.1]:,AB_TESTING:,B,1603316534366,1603316540493,mp3,iwhepbx
2020-10-21T21:42:20.698472+00:00,app[web.1]:,AB_TESTING:,B,1603316534366,1603316540677,mp3,iwhepbx
2020-10-21T21:42:20.917812+00:00,app[web.1]:,AB_TESTING:,B,1603316534366,1603316540884,mp3,iwhepbx
2020-10-21T21:42:21.401008+00:00,app[web.1]:,AB_TESTING:,B,1603316534366,1603316541382,mp4,iwhepbx
2020-10-21T21:42:21.589573+00:00,app[web.1]:,AB_TESTING:,B,1603316534366,1603316541572,mp4,iwhepbx
2020-10-21T21:42:22.412474+00:00,app[web.1]:,AB_TESTING:,B,1603316534366,1603316542390,mp2,iwhepbx
2020-10-21T21:42:23.203396+00:00,app[web.1]:,AB_TESTING:,B,1603316534366,1603316543186,mp1,iwhepbx
2020-10-21T21:42:24.599556+00:00,app[web.1]:,AB_TESTING:,C,1603316544574,0,0,iwhepbx
2020-10-21T21:42:26.427956+00:00,app[web.1]:,AB_TESTING:,A,1603316511991,1603316546334,mp1,jswzkk
2020-10-21T21:42:27.093014+00:00,app[web.1]:,AB_TESTING:,A,1603316511991,1603316547031,mp3,jswzkk
2020-10-21T21:42:28.290015+00:00,app[web.1]:,AB_TESTING:,C,1603316548227,0,0,jswzkk
2020-10-21T21:42:29.920408+00:00,app[web.1]:,AB_TESTING:,A,1603316549851,0,0,jswzkk
2020-10-21T21:42:30.657645+00:00,app[web.1]:,AB_TESTING:,A,1603316549851,1603316550551,mp2,jswzkk
2020-10-21T21:42:31.512813+00:00,app[web.1]:,AB_TESTING:,A,1603316549851,1603316551446,mp4,jswzkk
2020-10-21T21:42:31.748576+00:00,app[web.1]:,AB_TESTING:,A,1603316549851,1603316551677,mp4,jswzkk
2020-10-21T21:42:32.040612+00:00,app[web.1]:,AB_TESTING:,A,1603316549851,1603316551973,mp4,jswzkk
2020-10-21T21:42:32.215692+00:00,app[web.1]:,AB_TESTING:,A,1603316549851,1603316552143,mp4,jswzkk
2020-10-21T21:42:33.508511+00:00,app[web.1]:,AB_TESTING:,C,1603316553433,0,0,jswzkk
2020-10-21T21:42:34.908537+00:00,app[web.1]:,AB_TESTING:,A,1603316554843,0,0,jswzkk
2020-10-21T21:42:51.797361+00:00,app[web.1]:,AB_TESTING:,B,1603316571758,0,0,msqxxsia
2020-10-21T21:42:55.733921+00:00,app[web.1]:,AB_TESTING:,B,1603316571758,1603316575721,mp1,msqxxsia
2020-10-21T21:42:56.601130+00:00,app[web.1]:,AB_TESTING:,B,1603316571758,1603316576583,mp2,msqxxsia
2020-10-21T21:42:58.369823+00:00,app[web.1]:,AB_TESTING:,B,1603316571758,1603316578360,mp3,msqxxsia
2020-10-21T21:42:59.895779+00:00,app[web.1]:,AB_TESTING:,B,1603316571758,1603316579885,mp4,msqxxsia
2020-10-21T21:43:00.084644+00:00,app[web.1]:,AB_TESTING:,B,1603316571758,1603316580067,mp4,msqxxsia
2020-10-21T21:43:01.440770+00:00,app[web.1]:,AB_TESTING:,B,1603316571758,1603316581424,mp2,msqxxsia
2020-10-21T21:43:02.088936+00:00,app[web.1]:,AB_TESTING:,B,1603316571758,1603316582073,mp1,msqxxsia
2020-10-21T21:43:04.656612+00:00,app[web.1]:,AB_TESTING:,C,1603316584644,0,0,msqxxsia
2020-10-21T21:43:05.863816+00:00,app[web.1]:,AB_TESTING:,B,1603316585849,0,0,msqxxsia
2020-10-21T21:43:06.576729+00:00,app[web.1]:,AB_TESTING:,B,1603316585849,1603316586563,mp1,msqxxsia
2020-10-21T21:43:08.086185+00:00,app[web.1]:,AB_TESTING:,C,1603316588075,0,0,msqxxsia
2020-10-21T21:43:17.538461+00:00,app[web.1]:,AB_TESTING:,A,1603316597525,0,0,zjwcfh
2020-10-21T21:43:18.975409+00:00,app[web.1]:,AB_TESTING:,A,1603316597525,1603316598971,mp1,zjwcfh
2020-10-21T21:43:19.786119+00:00,app[web.1]:,AB_TESTING:,A,1603316597525,1603316599777,mp2,zjwcfh
2020-10-21T21:43:20.737070+00:00,app[web.1]:,AB_TESTING:,A,1603316597525,1603316600725,mp3,zjwcfh
2020-10-21T21:43:21.148688+00:00,app[web.1]:,AB_TESTING:,A,1603316597525,1603316601141,mp3,zjwcfh
2020-10-21T21:43:21.876268+00:00,app[web.1]:,AB_TESTING:,A,1603316597525,1603316601868,mp4,zjwcfh
2020-10-21T21:43:22.450603+00:00,app[web.1]:,AB_TESTING:,A,1603316597525,1603316602445,mp4,zjwcfh
2020-10-21T21:43:24.056548+00:00,app[web.1]:,AB_TESTING:,C,1603316604048,0,0,zjwcfh
2020-10-21T21:43:24.902565+00:00,app[web.1]:,AB_TESTING:,A,1603316604845,0,0,zjwcfh
2020-10-21T21:43:25.633079+00:00,app[web.1]:,AB_TESTING:,A,1603316604845,1603316605627,mp1,zjwcfh
2020-10-21T21:44:50.832772+00:00,app[web.1]:,AB_TESTING:,B,1603316690195,0,0,dbeqnusp
2020-10-21T21:44:53.668766+00:00,app[web.1]:,AB_TESTING:,B,1603316690195,1603316693045,mp2,dbeqnusp
2020-10-21T21:44:53.871676+00:00,app[web.1]:,AB_TESTING:,B,1603316690195,1603316693261,mp2,dbeqnusp
2020-10-21T21:44:54.089373+00:00,app[web.1]:,AB_TESTING:,B,1603316690195,1603316693473,mp2,dbeqnusp
2020-10-21T21:44:56.312549+00:00,app[web.1]:,AB_TESTING:,B,1603316690195,1603316695704,mp3,dbeqnusp
2020-10-21T21:44:56.500870+00:00,app[web.1]:,AB_TESTING:,B,1603316690195,1603316695889,mp3,dbeqnusp
2020-10-21T21:44:56.668842+00:00,app[web.1]:,AB_TESTING:,B,1603316690195,1603316696052,mp3,dbeqnusp
2020-10-21T21:44:56.830936+00:00,app[web.1]:,AB_TESTING:,B,1603316690195,1603316696215,mp3,dbeqnusp
2020-10-21T21:44:57.314021+00:00,app[web.1]:,AB_TESTING:,B,1603316690195,1603316696429,mp3,dbeqnusp
2020-10-21T21:45:01.630995+00:00,app[web.1]:,AB_TESTING:,C,1603316701017,0,0,dbeqnusp
2020-10-23T19:05:36.727571+00:00,app[web.1]:,AB_TESTING:,A,1603479936425,0,0,frqmkmuj
2020-10-23T19:05:39.759967+00:00,app[web.1]:,AB_TESTING:,B,1603479939718,0,0,frqmkmuj
2020-10-23T19:06:33.871592+00:00,app[web.1]:,AB_TESTING:,B,1603479993823,0,0,frqmkmuj
2020-10-23T19:06:36.277992+00:00,app[web.1]:,AB_TESTING:,C,1603479996232,0,0,frqmkmuj
2020-10-23T19:06:38.028504+00:00,app[web.1]:,AB_TESTING:,B,1603479997973,0,0,frqmkmuj
2020-10-26T18:50:37.837386+00:00,app[web.1]:,AB_TESTING:,B,1603738237742,0,0,ceuapp
2020-10-26T18:50:59.234408+00:00,app[web.1]:,AB_TESTING:,B,1603738237742,1603738259147,mp4,ceuapp
2020-10-26T18:51:01.005512+00:00,app[web.1]:,AB_TESTING:,B,1603738237742,1603738260917,mp4,ceuapp
2020-10-26T18:51:08.873712+00:00,app[web.1]:,AB_TESTING:,B,1603738237742,1603738268788,mp3,ceuapp
2020-10-26T18:51:12.369882+00:00,app[web.1]:,AB_TESTING:,B,1603738237742,1603738272284,mp2,ceuapp
2020-10-26T18:51:16.210708+00:00,app[web.1]:,AB_TESTING:,B,1603738237742,1603738276126,mp1,ceuapp
2020-10-26T18:51:52.153923+00:00,app[web.1]:,AB_TESTING:,B,1603738237742,1603738312068,mp3,ceuapp
2020-10-26T18:51:53.781749+00:00,app[web.1]:,AB_TESTING:,B,1603738237742,1603738313696,mp3,ceuapp
2020-10-26T18:51:55.543500+00:00,app[web.1]:,AB_TESTING:,B,1603738237742,1603738315459,mp3,ceuapp
2020-10-26T18:52:01.887783+00:00,app[web.1]:,AB_TESTING:,B,1603738237742,1603738321791,mp1,ceuapp
2020-10-26T18:52:02.347964+00:00,app[web.1]:,AB_TESTING:,B,1603738237742,1603738322255,mp1,ceuapp
2020-10-26T18:52:02.629934+00:00,app[web.1]:,AB_TESTING:,B,1603738237742,1603738322551,mp1,ceuapp
2020-10-26T18:52:04.775823+00:00,app[web.1]:,AB_TESTING:,B,1603738237742,1603738324690,mp1,ceuapp
2020-10-26T18:52:06.740785+00:00,app[web.1]:,AB_TESTING:,C,1603738326656,0,0,ceuapp
2020-10-26T18:52:10.555584+00:00,app[web.1]:,AB_TESTING:,B,1603738330462,0,0,ceuapp
2020-10-26T18:53:26.761490+00:00,app[web.1]:,AB_TESTING:,C,1603738406671,0,0,ceuapp
2020-10-26T22:39:12.268886+00:00,app[web.1]:,AB_TESTING:,B,1603751951973,0,0,klqvli
2020-10-26T22:39:18.678369+00:00,app[web.1]:,AB_TESTING:,A,1603751958616,0,0,cmnocurq
2020-10-26T22:39:24.658043+00:00,app[web.1]:,AB_TESTING:,A,1603751958616,1603751964609,mp2,cmnocurq
2020-10-26T22:39:25.702830+00:00,app[web.1]:,AB_TESTING:,A,1603751958616,1603751965654,mp4,cmnocurq
2020-10-26T22:39:26.256967+00:00,app[web.1]:,AB_TESTING:,A,1603751958616,1603751966208,mp4,cmnocurq
2020-10-26T22:39:26.565278+00:00,app[web.1]:,AB_TESTING:,A,1603751958616,1603751966504,mp4,cmnocurq
2020-10-26T22:39:26.756271+00:00,app[web.1]:,AB_TESTING:,A,1603751958616,1603751966704,mp4,cmnocurq
2020-10-26T22:39:26.942105+00:00,app[web.1]:,AB_TESTING:,A,1603751958616,1603751966889,mp4,cmnocurq
2020-10-26T22:39:27.113585+00:00,app[web.1]:,AB_TESTING:,A,1603751958616,1603751967065,mp4,cmnocurq
2020-10-26T22:39:27.297178+00:00,app[web.1]:,AB_TESTING:,A,1603751958616,1603751967249,mp4,cmnocurq
2020-10-26T22:39:27.490916+00:00,app[web.1]:,AB_TESTING:,A,1603751958616,1603751967442,mp4,cmnocurq
2020-10-26T22:39:27.721730+00:00,app[web.1]:,AB_TESTING:,A,1603751958616,1603751967674,mp4,cmnocurq
2020-10-26T22:39:28.255505+00:00,app[web.1]:,AB_TESTING:,A,1603751958616,1603751968204,mp4,cmnocurq
2020-10-26T22:39:28.454070+00:00,app[web.1]:,AB_TESTING:,A,1603751958616,1603751968405,mp4,cmnocurq
2020-10-26T22:39:28.901427+00:00,app[web.1]:,AB_TESTING:,A,1603751958616,1603751968853,mp4,cmnocurq
2020-10-26T22:39:29.093229+00:00,app[web.1]:,AB_TESTING:,A,1603751958616,1603751969046,mp4,cmnocurq
2020-10-26T22:39:29.330843+00:00,app[web.1]:,AB_TESTING:,A,1603751958616,1603751969279,mp4,cmnocurq
2020-10-26T22:39:29.549568+00:00,app[web.1]:,AB_TESTING:,A,1603751958616,1603751969503,mp4,cmnocurq
2020-10-26T22:39:29.757869+00:00,app[web.1]:,AB_TESTING:,A,1603751958616,1603751969711,mp4,cmnocurq
2020-10-26T22:39:29.965560+00:00,app[web.1]:,AB_TESTING:,A,1603751958616,1603751969919,mp4,cmnocurq
2020-10-26T22:39:30.170283+00:00,app[web.1]:,AB_TESTING:,A,1603751958616,1603751970121,mp4,cmnocurq
2020-10-26T22:39:30.377616+00:00,app[web.1]:,AB_TESTING:,A,1603751958616,1603751970329,mp4,cmnocurq
2020-10-26T22:39:30.580047+00:00,app[web.1]:,AB_TESTING:,A,1603751958616,1603751970529,mp4,cmnocurq
2020-10-26T22:39:37.623413+00:00,app[web.1]:,AB_TESTING:,C,1603751977572,0,0,cmnocurq
2020-10-26T22:39:40.662089+00:00,app[web.1]:,AB_TESTING:,A,1603751980613,0,0,cmnocurq
2020-10-26T22:39:53.789589+00:00,app[web.1]:,AB_TESTING:,B,1603751993737,0,0,klqvli
2020-10-26T22:44:07.856229+00:00,app[web.1]:,AB_TESTING:,A,1603752247828,0,0,eqdsty
2020-10-26T22:44:24.311694+00:00,app[web.1]:,AB_TESTING:,A,1603752247828,1603752264287,mp4,eqdsty
2020-10-26T22:44:27.533798+00:00,app[web.1]:,AB_TESTING:,C,1603752267518,0,0,eqdsty
2020-10-26T22:44:29.808646+00:00,app[web.1]:,AB_TESTING:,A,1603752269793,0,0,eqdsty
2020-10-26T22:44:33.916664+00:00,app[web.1]:,AB_TESTING:,A,1603752269793,1603752273896,mp3,eqdsty
2020-10-26T22:44:40.433711+00:00,app[web.1]:,AB_TESTING:,A,1603752269793,1603752280414,mp4,eqdsty
2020-10-26T22:44:42.069452+00:00,app[web.1]:,AB_TESTING:,A,1603752269793,1603752282048,mp4,eqdsty
2020-10-26T22:44:44.144246+00:00,app[web.1]:,AB_TESTING:,C,1603752284129,0,0,eqdsty
2020-10-26T22:44:46.038592+00:00,app[web.1]:,AB_TESTING:,A,1603752286024,0,0,eqdsty
2020-10-26T22:44:47.878037+00:00,app[web.1]:,AB_TESTING:,A,1603752286024,1603752287857,mp3,eqdsty
2020-10-26T22:44:49.088563+00:00,app[web.1]:,AB_TESTING:,C,1603752289074,0,0,eqdsty
2020-10-26T22:44:52.365922+00:00,app[web.1]:,AB_TESTING:,A,1603752292351,0,0,eqdsty
2020-10-26T22:45:03.402166+00:00,app[web.1]:,AB_TESTING:,C,1603752303386,0,0,eqdsty
2020-10-26T22:45:04.836578+00:00,app[web.1]:,AB_TESTING:,A,1603752304818,0,0,eqdsty
2020-10-26T22:45:08.375368+00:00,app[web.1]:,AB_TESTING:,C,1603752308360,0,0,eqdsty
2020-10-26T22:45:10.803675+00:00,app[web.1]:,AB_TESTING:,A,1603752310789,0,0,eqdsty
2020-10-26T22:48:30.104759+00:00,app[web.1]:,AB_TESTING:,B,1603752510053,0,0,npcbjrlsw
2020-10-26T22:49:34.825137+00:00,app[web.1]:,AB_TESTING:,B,1603752510053,1603752574686,mp2,npcbjrlsw
2020-10-26T22:49:35.524115+00:00,app[web.1]:,AB_TESTING:,B,1603752510053,1603752575464,mp2,npcbjrlsw
2020-10-26T22:49:36.160458+00:00,app[web.1]:,AB_TESTING:,B,1603752510053,1603752576098,mp2,npcbjrlsw
2020-10-26T22:49:36.732768+00:00,app[web.1]:,AB_TESTING:,B,1603752510053,1603752576673,mp2,npcbjrlsw
2020-10-26T22:49:37.233162+00:00,app[web.1]:,AB_TESTING:,B,1603752510053,1603752577173,mp2,npcbjrlsw
2020-10-26T22:49:37.715704+00:00,app[web.1]:,AB_TESTING:,B,1603752510053,1603752577655,mp2,npcbjrlsw
2020-10-26T22:49:39.817621+00:00,app[web.1]:,AB_TESTING:,B,1603752510053,1603752579759,mp1,npcbjrlsw
2020-10-26T22:49:41.206251+00:00,app[web.1]:,AB_TESTING:,B,1603752510053,1603752581147,mp1,npcbjrlsw
2020-10-26T22:49:41.852020+00:00,app[web.1]:,AB_TESTING:,B,1603752510053,1603752581791,mp1,npcbjrlsw
2020-10-26T22:49:42.270952+00:00,app[web.1]:,AB_TESTING:,B,1603752510053,1603752582212,mp1,npcbjrlsw
2020-10-26T22:49:42.699117+00:00,app[web.1]:,AB_TESTING:,B,1603752510053,1603752582640,mp1,npcbjrlsw
2020-10-26T22:49:43.131512+00:00,app[web.1]:,AB_TESTING:,B,1603752510053,1603752583072,mp1,npcbjrlsw
2020-10-26T22:49:44.929742+00:00,app[web.1]:,AB_TESTING:,C,1603752584882,0,0,npcbjrlsw
2020-10-26T22:49:55.517380+00:00,app[web.1]:,AB_TESTING:,B,1603752595469,0,0,npcbjrlsw
2020-10-26T22:50:09.922767+00:00,app[web.1]:,AB_TESTING:,C,1603752609875,0,0,npcbjrlsw
2020-10-26T22:50:10.851931+00:00,app[web.1]:,AB_TESTING:,B,1603752610804,0,0,npcbjrlsw
2020-10-26T22:50:11.653167+00:00,app[web.1]:,AB_TESTING:,C,1603752611606,0,0,npcbjrlsw
2020-10-26T22:50:12.329098+00:00,app[web.1]:,AB_TESTING:,B,1603752612280,0,0,npcbjrlsw
2020-10-26T22:59:31.049119+00:00,app[web.1]:,AB_TESTING:,B,1603753169650,0,0,cnjklp
2020-10-26T22:59:36.426069+00:00,app[web.1]:,AB_TESTING:,B,1603753169650,1603753175029,mp4,cnjklp
2020-10-26T22:59:36.906035+00:00,app[web.1]:,AB_TESTING:,B,1603753169650,1603753175363,mp4,cnjklp
2020-10-26T22:59:37.168859+00:00,app[web.1]:,AB_TESTING:,B,1603753169650,1603753175772,mp4,cnjklp
2020-10-26T22:59:37.512676+00:00,app[web.1]:,AB_TESTING:,B,1603753169650,1603753176114,mp4,cnjklp
2020-10-26T22:59:37.951296+00:00,app[web.1]:,AB_TESTING:,B,1603753169650,1603753176521,mp4,cnjklp
2020-10-26T22:59:38.129757+00:00,app[web.1]:,AB_TESTING:,B,1603753169650,1603753176735,mp4,cnjklp
2020-10-26T22:59:38.345005+00:00,app[web.1]:,AB_TESTING:,B,1603753169650,1603753176949,mp4,cnjklp
2020-10-26T22:59:38.566595+00:00,app[web.1]:,AB_TESTING:,B,1603753169650,1603753177171,mp4,cnjklp
2020-10-26T22:59:38.774266+00:00,app[web.1]:,AB_TESTING:,B,1603753169650,1603753177368,mp4,cnjklp
2020-10-26T22:59:39.005386+00:00,app[web.1]:,AB_TESTING:,B,1603753169650,1603753177610,mp4,cnjklp
2020-10-26T22:59:39.255922+00:00,app[web.1]:,AB_TESTING:,B,1603753169650,1603753177858,mp4,cnjklp
2020-10-26T22:59:42.302505+00:00,app[web.1]:,AB_TESTING:,C,1603753180907,0,0,cnjklp
2020-10-26T22:59:45.444976+00:00,app[web.1]:,AB_TESTING:,B,1603753184033,0,0,cnjklp
2020-10-26T23:31:19.431291+00:00,app[web.1]:,AB_TESTING:,B,1603755078048,0,0,hgwhfku
2020-10-26T23:31:22.907188+00:00,app[web.1]:,AB_TESTING:,B,1603755078048,1603755081500,mp3,hgwhfku
2020-10-26T23:31:23.586533+00:00,app[web.1]:,AB_TESTING:,B,1603755078048,1603755082210,mp3,hgwhfku
2020-10-26T23:31:24.175312+00:00,app[web.1]:,AB_TESTING:,B,1603755078048,1603755082738,mp3,hgwhfku
2020-10-26T23:31:24.452203+00:00,app[web.1]:,AB_TESTING:,B,1603755078048,1603755083072,mp3,hgwhfku
2020-10-26T23:31:24.645413+00:00,app[web.1]:,AB_TESTING:,B,1603755078048,1603755083268,mp3,hgwhfku
2020-10-26T23:31:24.842349+00:00,app[web.1]:,AB_TESTING:,B,1603755078048,1603755083459,mp3,hgwhfku
2020-10-26T23:31:25.223639+00:00,app[web.1]:,AB_TESTING:,B,1603755078048,1603755083648,mp3,hgwhfku
2020-10-26T23:31:25.305891+00:00,app[web.1]:,AB_TESTING:,B,1603755078048,1603755083927,mp3,hgwhfku
2020-10-26T23:31:25.399769+00:00,app[web.1]:,AB_TESTING:,B,1603755078048,1603755084019,mp3,hgwhfku
2020-10-26T23:31:25.616015+00:00,app[web.1]:,AB_TESTING:,B,1603755078048,1603755084217,mp3,hgwhfku
2020-10-26T23:31:25.784169+00:00,app[web.1]:,AB_TESTING:,B,1603755078048,1603755084407,mp3,hgwhfku
2020-10-26T23:31:25.985100+00:00,app[web.1]:,AB_TESTING:,B,1603755078048,1603755084605,mp3,hgwhfku
2020-10-26T23:31:26.279190+00:00,app[web.1]:,AB_TESTING:,B,1603755078048,1603755084902,mp3,hgwhfku
2020-10-26T23:31:26.431520+00:00,app[web.1]:,AB_TESTING:,B,1603755078048,1603755085047,mp3,hgwhfku
2020-10-26T23:31:26.664456+00:00,app[web.1]:,AB_TESTING:,B,1603755078048,1603755085253,mp3,hgwhfku
2020-10-26T23:31:26.835672+00:00,app[web.1]:,AB_TESTING:,B,1603755078048,1603755085458,mp3,hgwhfku
2020-10-26T23:31:28.882325+00:00,app[web.1]:,AB_TESTING:,C,1603755087501,0,0,hgwhfku
2020-10-26T23:31:30.618304+00:00,app[web.1]:,AB_TESTING:,B,1603755089232,0,0,hgwhfku
2020-10-26T23:32:56.545024+00:00,app[web.1]:,AB_TESTING:,A,1603755176489,0,0,kkbctolhxi
2020-10-27T14:24:55.500354+00:00,app[web.1]:,AB_TESTING:,B,1603808694206,0,0,bpyqxcwj
2020-10-27T14:25:35.330253+00:00,app[web.1]:,AB_TESTING:,B,1603808694206,1603808734040,mp3,bpyqxcwj
2020-10-27T14:25:35.550498+00:00,app[web.1]:,AB_TESTING:,B,1603808694206,1603808734253,mp3,bpyqxcwj
2020-10-27T14:25:35.730422+00:00,app[web.1]:,AB_TESTING:,B,1603808694206,1603808734442,mp3,bpyqxcwj
2020-10-27T14:25:35.922773+00:00,app[web.1]:,AB_TESTING:,B,1603808694206,1603808734632,mp3,bpyqxcwj
2020-10-27T14:25:36.125666+00:00,app[web.1]:,AB_TESTING:,B,1603808694206,1603808734831,mp3,bpyqxcwj
2020-10-27T14:25:36.320333+00:00,app[web.1]:,AB_TESTING:,B,1603808694206,1603808735028,mp3,bpyqxcwj
2020-10-27T14:25:36.519209+00:00,app[web.1]:,AB_TESTING:,B,1603808694206,1603808735226,mp3,bpyqxcwj
2020-10-27T14:25:36.696585+00:00,app[web.1]:,AB_TESTING:,B,1603808694206,1603808735408,mp3,bpyqxcwj
2020-10-27T14:25:37.188160+00:00,app[web.1]:,AB_TESTING:,B,1603808694206,1603808735897,mp3,bpyqxcwj
2020-10-27T14:25:37.368782+00:00,app[web.1]:,AB_TESTING:,B,1603808694206,1603808736080,mp3,bpyqxcwj
2020-10-27T14:25:37.559445+00:00,app[web.1]:,AB_TESTING:,B,1603808694206,1603808736270,mp3,bpyqxcwj
2020-10-27T14:25:39.682922+00:00,app[web.1]:,AB_TESTING:,C,1603808738393,0,0,bpyqxcwj
2020-10-27T14:25:40.843254+00:00,app[web.1]:,AB_TESTING:,B,1603808739549,0,0,bpyqxcwj
2020-10-27T14:25:57.985922+00:00,app[web.1]:,AB_TESTING:,A,1603808756665,0,0,gfztmownhw
2020-10-27T14:26:01.120266+00:00,app[web.1]:,AB_TESTING:,A,1603808756665,1603808759818,mp4,gfztmownhw
2020-10-27T14:26:01.313902+00:00,app[web.1]:,AB_TESTING:,A,1603808756665,1603808760022,mp4,gfztmownhw
2020-10-27T14:26:01.521363+00:00,app[web.1]:,AB_TESTING:,A,1603808756665,1603808760227,mp4,gfztmownhw
2020-10-27T14:26:01.717424+00:00,app[web.1]:,AB_TESTING:,A,1603808756665,1603808760424,mp4,gfztmownhw
2020-10-27T14:26:01.919151+00:00,app[web.1]:,AB_TESTING:,A,1603808756665,1603808760630,mp4,gfztmownhw
2020-10-27T14:26:02.108123+00:00,app[web.1]:,AB_TESTING:,A,1603808756665,1603808760812,mp4,gfztmownhw
2020-10-27T14:26:02.301706+00:00,app[web.1]:,AB_TESTING:,A,1603808756665,1603808761010,mp4,gfztmownhw
2020-10-27T14:26:02.493068+00:00,app[web.1]:,AB_TESTING:,A,1603808756665,1603808761200,mp4,gfztmownhw
2020-10-27T14:26:02.842916+00:00,app[web.1]:,AB_TESTING:,A,1603808756665,1603808761546,mp4,gfztmownhw
2020-10-27T14:26:02.923339+00:00,app[web.1]:,AB_TESTING:,A,1603808756665,1603808761634,mp4,gfztmownhw
2020-10-27T14:26:03.051335+00:00,app[web.1]:,AB_TESTING:,A,1603808756665,1603808761762,mp4,gfztmownhw
2020-10-27T14:26:03.252599+00:00,app[web.1]:,AB_TESTING:,A,1603808756665,1603808761958,mp4,gfztmownhw
2020-10-27T14:26:03.458866+00:00,app[web.1]:,AB_TESTING:,A,1603808756665,1603808762164,mp4,gfztmownhw
2020-10-27T14:26:03.657282+00:00,app[web.1]:,AB_TESTING:,A,1603808756665,1603808762369,mp4,gfztmownhw
2020-10-27T14:26:03.864044+00:00,app[web.1]:,AB_TESTING:,A,1603808756665,1603808762575,mp4,gfztmownhw
2020-10-27T14:26:04.070057+00:00,app[web.1]:,AB_TESTING:,A,1603808756665,1603808762781,mp4,gfztmownhw
2020-10-27T14:26:04.241416+00:00,app[web.1]:,AB_TESTING:,A,1603808756665,1603808762947,mp4,gfztmownhw
2020-10-27T14:26:04.445754+00:00,app[web.1]:,AB_TESTING:,A,1603808756665,1603808763152,mp4,gfztmownhw
2020-10-27T14:26:06.017258+00:00,app[web.1]:,AB_TESTING:,C,1603808764724,0,0,gfztmownhw
2020-10-27T14:26:07.370350+00:00,app[web.1]:,AB_TESTING:,A,1603808766082,0,0,gfztmownhw